,Campaign,Regular Giving: Card Id Mundipagg,Regular Giving: Customer Id Mundipagg,Amount Currency,Amount,Close Date,Stage,Created Date,Account ID,One-2-One Object Id,Opportunity & Gift ID,Regular Giving: Record ID
16,Reactivation - 2019 - Soft - Março,card_JDz84QzsOUYJwvP5,cus_z8DOlzKSm0tGdZLo,BRL,60,2020-02-28,Failed,2019-09-29,0011Y00002NzdFx,0031Y00004uEdVx,0061Y00000pek6T,a0D1Y00000zG1vy
17,Direct Dialogue - 2019 - Street - Rio - August,card_kqQgJkUl2c86Y9Z5,cus_VpZ5AgsNJuRBM0Xl,BRL,40,2020-02-28,Failed,2019-09-28,0011Y00002saOna,0031Y00005ozONK,0061Y00000peikE,a0D1Y0000127JpW
18,Telephone - 2018 - Cyber - Baleias - Flex - Setembro,card_ND9yNV2FmQHmyKLa,cus_N4E5qW4TdH9AP1r7,BRL,22,2020-02-28,Failed,2019-09-28,0011Y00002bp16R,0031Y00005QzuED,0061Y00000peiqJ,a0D1Y00000xjakx
19,Direct Dialogue - 2019 - Venues & InCompany - August Melixp,card_X1eOkn0HdKuzMGRE,cus_R5bKo4jhxuLrlpjW,BRL,50,2020-02-28,Failed,2019-09-28,0011Y00002saMx5,0031Y00005ozMBQ,0061Y00000peino,a0D1Y0000127Il5
20,Web - Always On - Advertising - Facebook,card_MO4jaybUosMBLKGn,cus_LYAGmwgkIQu6m0dJ,BRL,42,2020-02-28,Failed,2019-09-28,001i0000020aI7y,003i000004Du7JK,0061Y00000peisc,a0Di000000uVjZz
21,Direct Dialogue - 2019 - Street - São Paulo - August,card_ao1Gng4tnsrX73jO,cus_pDXgeRMCKCyGxw78,BRL,40,2020-02-28,Failed,2019-09-27,0011Y00002saBja,0031Y00005oz6wj,0061Y00000pehni,a0D1Y0000127B3p
22,Direct Dialogue - 2019 - Street - São Paulo - August,card_XlbLwxncLiQa3MJy,cus_vRqzvDYUORi9mKbQ,BRL,40,2020-02-28,Failed,2019-09-27,0011Y00002saBjd,0031Y00005oz6wm,0061Y00000pehnk,a0D1Y0000127B3s
23,Direct Dialogue - 2018 - Travel Team SP - October,card_eVAjapH7JFLlmLdx,cus_aDLB9PeKHxHabZAX,BRL,40,2020-02-28,Failed,2019-09-28,0011Y00002cPFxX,0031Y00005R2hiy,0061Y00000pejOX,a0D1Y00000xtmVN
24,Direct Dialogue - 2018 - Street - São Paulo - October,card_YwVyr6KFvi2vym1K,cus_no9mkgDHZ3imdNlj,BRL,40,2020-02-28,Failed,2019-09-28,0011Y00002cP9AM,0031Y00005R2aNu,0061Y00000pejKX,a0D1Y00000xti5Y
25,Reactivation - 2019 - Hard - Agosto - Action,card_K683BZhAbTdQ39VD,cus_kwWPKaNCvgcmV3yr,BRL,25,2020-02-28,Failed,2019-09-28,0011Y00002blBgl,0031Y00005OII63,0061Y00000pejDV,a0D1Y0000128kWr
26,Direct Dialogue - 2019 - Street - Rio - August,card_l2k1Yp3FP7FoeoOK,cus_nmXWLQ4UDHGKM3bv,BRL,40,2020-02-28,Failed,2019-09-27,0011Y00002saBjf,0031Y00005oz6wo,0061Y00000pehnm,a0D1Y0000127B3u
27,Reactivation - 2019 - Soft - Janeiro,card_RM60d8Df6zIl80YK,cus_DL91xequ8KtooRMK,BRL,45,2020-02-28,Failed,2019-09-28,001i000001tbyxr,003i000003voma0,0061Y00000peivZ,a0D1Y00000yK1eU
28,Direct Dialogue - 2019 - Street - São Paulo - July,card_YQvg0NMCnlFbZ8zP,cus_gEKJaqvfjtYMJbV4,BRL,50,2020-02-28,Failed,2019-09-28,0011Y00002sY5xg,0031Y00005neS0P,0061Y00000peipb,a0D1Y0000125cxZ
29,Direct Dialogue - 2018 - Travel Team RJ - August,card_RZMGymvcp6cvMGw1,cus_YL1PoJjDFMsvoxXW,BRL,42,2020-02-28,Failed,2019-09-28,0011Y00002blvG0,0031Y00005OJ0tp,0061Y00000peilr,a0D1Y00000xhpT6
30,Reactivation - 2019 - Hard - Agosto - Action,card_7kVvoEZhAh9PqbdD,cus_lyK3eO0rt4FQGrRb,BRL,25,2020-02-28,Failed,2019-09-28,001i000001rZIi4,003i000003nrs0p,0061Y00000pejDZ,a0D1Y0000128lq2
31,Direct Dialogue - 2019 - Travel Team SP - April,card_DEko4bKF9zHPyrL1,cus_01Adl0Di3LFj8dRL,BRL,40,2020-02-28,Failed,2019-09-28,0011Y00002nFc0w,0031Y00005jYleV,0061Y00000peiqb,a0D1Y00000zUa9R
32,Direct Dialogue - 2019 - Street - São Paulo - August,card_qp970RT6OTvZmXRV,cus_xdyZj5QSph0Mjeb0,BRL,40,2020-02-28,Failed,2019-09-28,0011Y00002saGyE,0031Y00005ozEGZ,0061Y00000pej12,a0D1Y0000127EcX
33,Direct Dialogue - 2018 - Street - São Paulo - July,card_4GMPVO5sQ0Hpqa1Y,cus_r3LZpYzInMt3JWeR,BRL,47,2020-02-28,Failed,2019-09-28,0011Y00002ZYmd9,0031Y00005JrQ5c,0061Y00000peim5,a0D1Y00000xc7UE
34,Direct Dialogue - 2019 - Street - Rio - August,card_4w2bwO5UnoIN7bZd,cus_KnE8JksNVSrJYydl,BRL,40,2020-02-28,Failed,2019-09-28,0011Y00002saMrH,0031Y00005ozM5Y,0061Y00000pein6,a0D1Y0000127Iib
35,Direct Dialogue - 2019 - Travel Team SP - August,card_Va5Ml53H7AsY098O,cus_o1wLWdpcaur0WXY6,BRL,40,2020-02-28,Failed,2019-09-27,0011Y00002saBkG,0031Y00005oz6xY,0061Y00000pehns,a0D1Y0000127B5S
36,Direct Dialogue - 2019 - Street - Rio - June,card_o7gNAZDHzHV682zQ,cus_ew425QVH1DfBm2NP,BRL,40,2020-02-28,Failed,2019-09-27,0011Y00002rOFlI,0031Y00005lUZiB,0061Y00000pehlK,a0D1Y000010Q9tH
37,Direct Dialogue - 2019 - Travel Team SP - July,card_Kx461JQCYURjXnGy,cus_dM9AKrdJu9cDEk5O,BRL,50,2020-02-28,Failed,2019-09-28,0011Y00002sXpRD,0031Y00005ne4aR,0061Y00000peite,a0D1Y000010BzXq
38,Direct Dialogue - 2019 - Travel Team RJ - May,card_1N9OmlqhkycjGWrE,cus_pd9jvmjcGC8nkyOA,BRL,40,2020-02-28,Failed,2019-09-28,0011Y00002pep4P,0031Y00005lROhX,0061Y00000peis6,a0D1Y000010OqNq
39,Direct Dialogue - 2019 - Travel Team SP - May,card_BnAPM2aC2vHZ6Dq5,cus_mEJLOy5H2fqbOeGg,BRL,40,2020-02-28,Failed,2019-09-28,0011Y00002pep5a,0031Y00005lROij,0061Y00000peis7,a0D1Y000010OqOU
40,Reactivation - 2019 - Hard - Agosto - Action,card_DpEqWbsjKibk7xRj,cus_MYD7Pg3UN3hwRje5,BRL,25,2020-02-28,Failed,2019-09-27,001i000000bA96F,003i000000YTPAP,0061Y00000pehdJ,a0D1Y0000128gHv
41,Telephone - 2019 - Orgânicos - Abelhas - Uranet - Agosto,card_R5nx7LQtJyhnB9m1,cus_dkJ78vXfaphWAzDP,BRL,30,2020-02-28,Failed,2019-09-28,0011Y00002sa8s1,0031Y00005oz3kH,0061Y00000pej3f,a0D1Y00001278Y8
42,Direct Dialogue - 2019 - Street - Rio - August,card_Zp1Oq4fq2tzQnKj0,cus_r1Bx8x6h3UXEP2v6,BRL,40,2020-02-28,Failed,2019-09-27,0011Y00002saACw,0031Y00005oz5Ec,0061Y00000pehrD,a0D1Y00001279CZ
43,Direct Dialogue - 2019 - Street - São Paulo - August,card_0RNkO1LC6i04w2qB,cus_pGPZ1KUBkHEx6qmL,BRL,40,2020-02-28,Failed,2019-09-28,0011Y00002saQT8,0031Y00005ozRZ7,0061Y00000peikX,a0D1Y0000127Ljx
44,Direct Dialogue - 2019 - Travel Team SP - August,card_jqOxjj8HNofZWxXA,cus_Z0VRbKvsYkCV8Wmx,BRL,40,2020-02-28,Failed,2019-09-28,0011Y00002saQTA,0031Y00005ozRZ9,0061Y00000peikY,a0D1Y0000127Ljz
45,Direct Dialogue - 2019 - Street - São Paulo - May,card_LNqMOMrFMh43l6k0,cus_r639ppOFbAf8l9EQ,BRL,40,2020-02-28,Failed,2019-09-28,0011Y00002peirV,0031Y00005lRH9w,0061Y00000pejTm,a0D1Y000010Olxi
46,Direct Dialogue - 2019 - Travel Team SP - March,card_RwDdOaBs1u3nYo95,cus_Q1YxJK1hETnPKNXW,BRL,40,2020-02-28,Failed,2019-09-28,0011Y00002nGobh,0031Y00005grCwQ,0061Y00000pej02,a0D1Y00000zGsnU
47,Direct Dialogue - 2019 - Travel Team RJ - August,card_YEVxbKzigfjD7NO8,cus_7rj8GL7hJiz5KZ4e,BRL,40,2020-02-28,Failed,2019-09-28,0011Y00002saOEI,0031Y00005ozNbZ,0061Y00000peio7,a0D1Y0000127JSw
48,Direct Dialogue - 2019 - Street - São Paulo - August,card_V8EY0yb2hAidq9oG,cus_eRYV7Kec5FMyV8ga,BRL,40,2020-02-28,Failed,2019-09-28,0011Y00002saOEK,0031Y00005ozNbb,0061Y00000peio9,a0D1Y0000127JSy
49,Telephone - 2019 - Filiados - Florestas - Flex - Maio,card_8DXJAdsrRhyZbGqE,cus_g0qOKKS3PIpeOYor,BRL,30,2020-02-28,Failed,2019-09-28,0011Y00002peisy,0031Y00005lRHB2,0061Y00000peisB,a0D1Y000010Opus
50,Direct Dialogue - 2019 - Street - São Paulo - May,card_1DwyJwKfVataxWYX,cus_On147bkSp5hEDmxA,BRL,40,2020-02-28,Failed,2019-09-28,0011Y00002pep6F,0031Y00005lROjM,0061Y00000peisH,a0D1Y000010OqOp
51,Email - Always On - SJ - Institucional,card_pz6WJxYCBktd425J,cus_LvoenBofAbfGe1BV,BRL,200,2020-02-28,Failed,2019-09-28,001i000001rkWTc,003i000003mzpeY,0061Y00000peisL,a0D1Y000010Olfw
52,Reactivation - 2019 - Hard - Julho - Enriquecimento,card_oO0eQojiE4tZl5aK,cus_jxnDdGMpi5TA8qp3,BRL,25,2020-02-28,Failed,2019-09-27,0011Y00002SvCy1,0031Y000056vSVI,0061Y00000pehco,a0D1Y0000128gHR
53,Direct Dialogue - 2019 - Street - São Paulo - August,card_xoyE6wqsZQfovk9X,cus_Zz7RgOYIruG6Ra10,BRL,40,2020-02-28,Failed,2019-09-27,0011Y00002saADa,0031Y00005oz5F3,0061Y00000pehrK,a0D1Y00001279D5
54,Reactivation - 2019 - Hard - Agosto - Action,card_8KjOEm5Cl8HLElra,cus_V25AGmmSLRCp986e,BRL,25,2020-02-28,Failed,2019-09-28,001i0000024PADa,003i000004Kt8R5,0061Y00000peiqv,a0D1Y0000128k7f
55,Telephone - 2019 - Orgânicos - Oceanos - Flex - Julho,card_dn95ob8i2S3nAqa3,cus_bOp7blS2kFaxqGME,BRL,20,2020-02-28,Failed,2019-09-28,0011Y00002ZX0ur,0031Y00005Jpu8v,0061Y00000pejCS,a0D1Y0000125b3F
56,Direct Dialogue - 2019 - Street - Rio - August,card_08OjmKKtDKu0VLxv,cus_AjVpvNu0Lh6wpXKn,BRL,40,2020-02-28,Failed,2019-09-28,0011Y00002saHll,0031Y00005ozFDH,0061Y00000pej1H,a0D1Y0000127F1P
57,Telephone - 2018 - Ficha - Corais - Flex,card_746Ykk7Iyf70YKjX,cus_gA8njzuweUgJn0De,BRL,22,2020-02-28,Failed,2019-09-28,0011Y00002YDxJK,0031Y00005Jowsu,0061Y00000pejEo,a0D1Y00000xaYsw
58,Telephone - 2019 - Orgânicos - Abelhas - Uranet - Agosto,card_wNEzy4OFvOcG6rB4,cus_r4ZAgQq0hwCRg2ev,BRL,30,2020-02-28,Failed,2019-09-28,0011Y00002saCqP,0031Y00005oz85Y,0061Y00000pej3r,a0D1Y0000127Bit
59,Direct Dialogue - 2019 - Street - Rio - August,card_gYKnlrvuoFQWAWyR,cus_4NzVlWzSEU3r8vW0,BRL,40,2020-02-28,Failed,2019-09-28,0011Y00002saCqf,0031Y00005oz85t,0061Y00000pej3u,a0D1Y0000127Bj2
60,Telephone - 2018 - Cyber - Antártida - Flex - Dezembro,card_W1ELv0jHOu3OmRxd,cus_LlkvNww4cvcxNEd0,BRL,20,2020-02-28,Failed,2019-09-27,0011Y00002fawNA,0031Y00005a4Far,0061Y00000pehlc,a0D1Y00000xwrHH
61,Direct Dialogue - 2019 - Street - São Paulo - August,card_preOZjrUzhndZdY3,cus_WrpJlnEhqUPeA0Xx,BRL,40,2020-02-28,Failed,2019-09-27,0011Y00002saACD,0031Y00005oz5E0,0061Y00000pehrX,a0D1Y00001279CE
62,Telephone - 2019 - Orgânicos - Abelhas - Flex - Agosto,card_PEJmP8WTXyiJm1qb,cus_zn3Gv9nDU3CjEplw,BRL,60,2020-02-28,Failed,2019-09-28,0011Y00002saQVU,0031Y00005ozRba,0061Y00000peiio,a0D1Y0000127LlB
63,Direct Dialogue - 2019 - Travel Team RJ - August,card_n4r6JgPhbI8EjqL9,cus_jAVB57c9eiGGpm3N,BRL,40,2020-02-28,Failed,2019-09-28,0011Y00002saMrF,0031Y00005ozM52,0061Y00000peikk,a0D1Y0000127Lsd
64,Direct Dialogue - 2019 - Travel Team RJ - August,card_Jn7NpyXTqPhLkvdY,cus_B5P2X4YsY3I9v20D,BRL,40,2020-02-28,Failed,2019-09-28,0011Y00002saFQn,0031Y00005ozCUd,0061Y00000pej0H,a0D1Y0000127DrV
65,Direct Dialogue - 2019 - Travel Team SP - August,card_pMO9vZqhwTj190q2,cus_45OEx7XImc3MpGe0,BRL,40,2020-02-28,Failed,2019-09-28,0011Y00002saHmk,0031Y00005ozFDw,0061Y00000pej1M,a0D1Y0000127F1b
66,Direct Dialogue - 2019 - Travel Team SP - January,card_KnpmrpDcDtgVRbq9,cus_ADJb3e0HOGsOYkOR,BRL,45,2020-02-28,Failed,2019-09-28,0011Y00002ipEWu,0031Y00005a7g2O,0061Y00000pejQ3,a0D1Y00000yJveK
67,Telephone - 2018 - Cyber - Antártida - Flex - Novembro,card_kvelaOEtJFB257Pw,cus_GmqJGros29skN6p0,BRL,22,2020-02-28,Failed,2019-09-27,0011Y00002cPr7x,0031Y00005R3InH,0061Y00000pehcy,a0D1Y00000xuAkt
68,Direct Dialogue - 2017 - Travel Team RJ - November,card_3PevXdZSXu2qvOE8,cus_YgKJBZHGEFgYJWyb,BRL,42,2020-02-28,Failed,2019-09-28,0011Y00002NyO0c,0031Y00004uDUtH,0061Y00000peisy,a0D1Y00000wuDJj
69,Direct Dialogue - 2019 - Street - Rio - July,card_w25mzBkDUBCK1nEQ,cus_Dwel5ZmcrRtv3AbY,BRL,40,2020-02-28,Failed,2019-09-28,0011Y00002sXpSG,0031Y00005ne4bn,0061Y00000peitv,a0D1Y000010BzYY
70,Direct Dialogue - 2019 - Travel Team RJ - August,card_qoLEme5F6JuwEJ6N,cus_YW082b5UExUYL8dJ,BRL,40,2020-02-28,Failed,2019-09-28,0011Y00002saSS3,0031Y00005ozTkK,0061Y00000peiis,a0D1Y0000127MEh
71,Direct Dialogue - 2019 - Street - Rio - August,card_PQb2vkBiJrTbWnrD,cus_RmMqezyt9wiwPvL1,BRL,40,2020-02-28,Failed,2019-09-28,0011Y00002saSSf,0031Y00005ozTl1,0061Y00000peiit,a0D1Y0000127MEk
72,Direct Dialogue - 2018 - Travel Team RJ - August,card_Wa8AEPg4T9iodBob,cus_B8oJrk6WIefx05gZ,BRL,42,2020-02-28,Failed,2019-09-28,0011Y00002bm1XI,0031Y00005OJAzG,0061Y00000peijm,a0D1Y00000xhtmD
73,Reactivation - 2019 - Hard - Agosto - Action,card_ywjGkLLszjtZEPpb,cus_39P8gZPcjQHwxydQ,BRL,25,2020-02-28,Failed,2019-09-28,0011Y00002SvVPB,0031Y000056vdQp,0061Y00000peiqy,a0D1Y0000128k7u
74,Reactivation - 2019 - Hard - Agosto - Action,card_ND4ojxfkwhD28O2n,cus_Qy69REQiEs11R3X0,BRL,25,2020-02-28,Failed,2019-09-28,0011Y00002LyOcd,0031Y00004vsAoE,0061Y00000peiqz,a0D1Y0000128k7z
75,Direct Dialogue - 2019 - Venues & InCompany - August Digitalks,card_YB1paawh2RurpLRM,cus_Dw8ZbD5hB0SbJVE9,BRL,50,2020-02-28,Failed,2019-09-28,0011Y00002saFRL,0031Y00005ozCVD,0061Y00000pej0Q,a0D1Y0000127Drt
76,Direct Dialogue - 2018 - Travel Team SP - January,card_aEqpgKLHkMtdp5Qe,cus_21lo8JEUvLHywKLg,BRL,45,2020-02-28,Failed,2019-09-28,0011Y00002Rgijy,0031Y00004vtkaH,0061Y00000pejWr,a0D1Y00000wBAfx
77,Telephone - 2019 - Listas - SJ 2019 35+ - Flex - Janeiro,card_edvKyNWQsVf362Po,cus_2pZB1GLtlC4WK0Jx,BRL,20,2020-02-28,Failed,2019-09-28,0011Y00002iomQ9,0031Y00005a71B2,0061Y00000peivN,a0D1Y00000yJcB7
78,Telephone - 2019 - Filiados - Abelhas - Flex - Junho,card_jqdVnawiVUG29Obk,cus_QjZmY07tNrCBvDxy,BRL,60,2020-02-28,Failed,2019-09-28,0011Y00002rOINh,0031Y00005lUdht,0061Y00000pejH1,a0D1Y000010QCLj
79,Direct Dialogue - 2019 - Street - São Paulo - February,card_9Y1Z12kCd3h7g5m8,cus_nAokraGhNKs0D2Rd,BRL,40,2020-02-28,Failed,2019-09-28,0011Y00002ir382,0031Y00005dwh82,0061Y00000pejL5,a0D1Y00000yL9iZ
80,Direct Dialogue - 2019 - Street - Rio - August,card_1dEaZb6sQxSKZvJB,cus_G4PlgLDridH3gME5,BRL,40,2020-02-28,Failed,2019-09-28,0011Y00002saI1W,0031Y00005ozFUZ,0061Y00000pej0W,a0D1Y0000127F8c
81,Direct Dialogue - 2019 - Travel Team SP - August,card_N3yx1zIpbFNaEARb,cus_4OrK4mFqMCwBA9me,BRL,40,2020-02-28,Failed,2019-09-28,0011Y00002saHqE,0031Y00005ozFHk,0061Y00000pej1X,a0D1Y0000127F3E
82,Direct Dialogue - 2019 - Venues & InCompany - August Melixp,card_kyQ2v4Ws7GIkaox1,cus_WQZEbMGc7rHwmnXk,BRL,50,2020-02-28,Failed,2019-09-28,0011Y00002saMqj,0031Y00005ozM4x,0061Y00000peip0,a0D1Y0000127IiG
83,Direct Dialogue - 2019 - Street - Rio - August,card_4p2DgZEFOxTRVnyl,cus_go4Zx9wTMaiPzGza,BRL,40,2020-02-28,Failed,2019-09-28,001i000001xeRQF,003i0000042wFyE,0061Y00000pej41,a0D1Y0000127VJY
84,Direct Dialogue - 2019 - Street - Rio - July,card_QjVJMwnHjS5elp1G,cus_DK8AOZHrBUoKegbV,BRL,40,2020-02-28,Failed,2019-09-28,0011Y00002qubQj,0031Y00005ndEdV,0061Y00000pei8z,a0D1Y000010Biix
85,Direct Dialogue - 2019 - Travel Team SP - June,card_32Arla4cDRu4p0av,cus_OD0YQ0CA0SRBgJBq,BRL,40,2020-02-28,Failed,2019-09-28,0011Y00002rOJgx,0031Y00005lUfGy,0061Y00000pejH6,a0D1Y000010QCyc
86,Direct Dialogue - 2019 - Travel Team RJ - June,card_BV3z0kbUBYfPA864,cus_DbvAXGgfYru67nLk,BRL,40,2020-02-28,Failed,2019-09-28,0011Y00002rOKwa,0031Y00005lUgrh,0061Y00000pej8C,a0D1Y000010QDa2
87,Direct Dialogue - 2019 - Travel Team SP - May,card_MRQxgzYcdgH5rgz5,cus_vBnAkeWuXcyl1bm5,BRL,40,2020-02-28,Failed,2019-09-28,0011Y00002pebJX,0031Y00005lR6vo,0061Y00000pejMQ,a0D1Y000010OhUe
88,Telephone - 2019 - Filiados - Florestas - Actual - Flex - Abril,card_Z9dGDW3FPwIVXWoj,cus_0BD8xkzigcN9L5Md,BRL,25,2020-02-28,Failed,2019-09-28,0011Y00002peT66,0031Y00005lQw3e,0061Y00000pejMT,a0D1Y00000zW5ji
89,Direct Dialogue - 2019 - Street - Rio - May,card_OzXg7xBFEHODb0oK,cus_kGpmedZuPIXKJD6j,BRL,40,2020-02-28,Failed,2019-09-28,0011Y00002peUfh,0031Y00005lQxpF,0061Y00000pejGO,a0D1Y00000zW6OW
90,Direct Dialogue - 2019 - Street - Rio - September,card_eY60OZmInhMO27ag,cus_x8LjGaF3MIAA1lWJ,BRL,40,2020-02-28,Failed,2019-09-20,0011Y00002uFGIb,0031Y00005qmqlP,0061Y00000peFqe,a0D1Y0000128OD3
91,Supporter Care - 2017 - Recapture Soft - Outubro 1,card_D8XoxZ3S8CrNK3w1,cus_KQqJ9Ddi4zfAQNR5,BRL,10,2020-02-28,Failed,2019-09-19,001i000000LW88E,003i000000H0BUq,0061Y00000peEPp,a0D1Y00000wX5bu
92,Direct Dialogue - 2018 - Travel Team SP - June,card_Y86L7lwH7sW3BwoQ,cus_6Q9kvM2ha4HV8yzJ,BRL,42,2020-02-28,Failed,2019-09-19,0011Y00002YBj39,0031Y00005GX7Qn,0061Y00000peEJ4,a0D1Y00000xZg7A
93,Direct Dialogue - 2019 - Street - São Paulo - September,card_D6xY7g8iVkuXJYym,cus_n0OkVGyFo6SBqlgB,BRL,40,2020-02-28,Failed,2019-09-19,0011Y00002uF7c7,0031Y00005qmglu,0061Y00000peBgy,a0D1Y0000128Kb2
94,Direct Dialogue - 2019 - Venues & InCompany - June,card_94jqEokCOaiA12Wr,cus_2O6yPkEQFgCm05jz,BRL,40,2020-02-28,Failed,2019-09-19,0011Y00002pgEa9,0031Y00005lTLeK,0061Y00000peEWS,a0D1Y000010Pl21
95,Direct Dialogue - 2019 - Street - São Paulo - June,card_97lEw4mh9eCeQdVD,cus_VKOvRlOCNzSpgrp5,BRL,40,2020-02-28,Failed,2019-09-19,0011Y00002pgDwE,0031Y00005lTKoV,0061Y00000peEWX,a0D1Y000010Pkk2
96,Direct Dialogue - 2019 - Street - São Paulo - September,card_p4Y3DaWTObcM8NoO,cus_09vQylXt9s7py6pO,BRL,40,2020-02-28,Failed,2019-09-20,0011Y00002uFGIt,0031Y00005qmqlc,0061Y00000peFrr,a0D1Y0000128ODD
97,Direct Dialogue - 2019 - Travel Team SP - June,card_KGQxN2lH7vHWYx6q,cus_yG2BklKTYLijDWgz,BRL,40,2020-02-28,Failed,2019-09-19,0011Y00002pg8nm,0031Y00005lTDv0,0061Y00000peEKy,a0D1Y000010Ph48
98,Direct Dialogue - 2019 - Street - São Paulo - July,card_loYp95mTDHB19QNL,cus_350ELoPsoIBp4nrw,BRL,40,2020-02-28,Failed,2019-09-19,0011Y00002uF9J8,0031Y00005qmif3,0061Y00000peCj9,a0D1Y0000128LCn
99,Prompted - 2019 - Recapture Soft - Abril,card_NdBwBMWcbHj07rOP,cus_wGqX3lZToC2NegMR,BRL,20,2020-02-28,Failed,2019-09-19,0011Y00002RjKJp,0031Y000056tPsE,0061Y00000peESK,a0D1Y00000zTztg
100,Direct Dialogue - 2019 - Street - Rio - June,card_0aWd9wXI05UOyjme,cus_279gB1vSpQS17Lxv,BRL,40,2020-02-28,Failed,2019-09-19,0011Y00002pgDvt,0031Y00005lTKoA,0061Y00000peEWi,a0D1Y000010Pkjm
101,Direct Dialogue - 2019 - Travel Team SP - September,card_O0l2kR3uqJfn6dLk,cus_ebPx9vRBtjuj9OWB,BRL,40,2020-02-28,Failed,2019-09-19,0011Y00002uF9J9,0031Y00005qmif4,0061Y00000peCjC,a0D1Y0000128LCo
102,Reactivation - 2019 - Soft - Março,card_eP8morNU8XIB0x07,cus_D1qaZvRcluypZgw3,BRL,25,2020-02-28,Failed,2019-09-19,0011Y00002ZXjpX,0031Y00005JqYuV,0061Y00000peEK4,a0D1Y00000zH8Qf
103,Direct Dialogue - 2019 - Travel Team SP - April,card_B2vXqyNTAouvXyGn,cus_46XRZJLCW9uPkR95,BRL,10,2020-02-28,Failed,2019-09-19,0011Y00002nFgPn,0031Y00005jYsdY,0061Y00000peESM,a0D1Y00000zUcka
104,Direct Dialogue - 2019 - Travel Team SP - March,card_zjeglZ3wUeTvQKno,cus_KoG0bnQtd6tYpX2Y,BRL,40,2020-02-28,Failed,2019-09-19,0011Y00002lMIno,0031Y00005gppk6,0061Y00000peEVE,a0D1Y00000zGKRa
105,Direct Dialogue - 2018 - Street - Rio - September,card_mrlQ9Mziyu6AQXW2,cus_ZkJ93pbSKGCwdVOa,BRL,42,2020-02-28,Failed,2019-09-19,0011Y00002bnTA6,0031Y00005OKSim,0061Y00000peEZG,a0D1Y00000xiafK
106,Telephone - 2019 - Filiados - Abelhas - Flex - Junho,card_M7DoQY6sNEU1ojpz,cus_RgpZPWruJ6fWD9j7,BRL,25,2020-02-28,Failed,2019-09-19,0011Y00002quMYF,0031Y00005ncrEo,0061Y00000peERW,a0D1Y000010BYWa
107,Direct Dialogue - 2019 - Street - São Paulo - June,card_Jlab4EvLH9Cznw5v,cus_wAnKJ8Qu5eSr8BZy,BRL,45,2020-02-28,Failed,2019-09-19,0011Y00002pgCgL,0031Y00005lTJQw,0061Y00000peEXJ,a0D1Y000010PkFX
108,Direct Dialogue - 2019 - Travel Team SP - July,card_BZGxR17HRUQ4mJAp,cus_YeMkLBMdHlFxWgZq,BRL,40,2020-02-28,Failed,2019-09-19,0011Y00002quLMO,0031Y00005ncpqC,0061Y00000peEL8,a0D1Y000010BY4P
109,Direct Dialogue - 2019 - Street - Rio - August,card_OojWDPVF9FoEWqXQ,cus_yZpXqdWiAsRrYJjn,BRL,40,2020-02-28,Failed,2019-09-19,0011Y00002sZY4l,0031Y00005oyGUs,0061Y00000peETc,a0D1Y0000126hQP
110,Direct Dialogue - 2019 - Travel Team SP - March,card_6AaWgEMuVqI7kwP8,cus_LdJW7MEH86iRKaY7,BRL,40,2020-02-28,Failed,2019-09-19,0011Y00002lMKVH,0031Y00005gpreM,0061Y00000peEXa,a0D1Y00000zGL6p
111,Direct Dialogue - 2017 - Street - São Paulo - September,card_oP25zEqFapu7zLZM,cus_j14Xv8GUdviMa69z,BRL,22,2020-02-28,Failed,2019-10-05,0011Y00002KqgWO,0031Y00004qc5IF,0061Y00000pf8vl,a0D1Y00000wVZj2
112,Direct Dialogue - 2019 - Street - São Paulo - September,card_r31j1MFzJHqZjVnB,cus_rywQ3jrTnPsj3Opq,BRL,45,2020-02-28,Failed,2019-09-19,0011Y00002uF7bI,0031Y00005qmgl2,0061Y00000peBdZ,a0D1Y0000128KaI
113,Telephone - 2019 - Filiados - Florestas - Uranet - Setembro,card_8O02QocyKSe9WAkv,cus_gEvz1mdtVIyYz8lk,BRL,60,2020-02-28,Failed,2019-09-19,0011Y00002uFAW2,0031Y00005qmk2Z,0061Y00000peDfv,a0D1Y0000128LlG
114,Telephone - 2018 - Reativação Anual - B1,card_GRAnWYXiOlhlL2pj,cus_XkLp01xcgxhrkE8b,BRL,10,2020-02-28,Failed,2019-09-19,001i0000025O9OO,003i000004NXV6M,0061Y00000peEPc,a0D1Y00000xSgUi
115,Direct Dialogue - 2018 - Travel Team SP - August,card_eJxwAdbiajT6qZGL,cus_AjmDdlIM8U8LDJX2,BRL,20,2020-02-28,Failed,2019-09-19,0011Y00002ZaAKz,0031Y00005Jslg2,0061Y00000peE8n,a0D1Y00000xh2g8
116,Direct Dialogue - 2019 - Travel Team SP - September,card_72kQJBVtOxcYQEgd,cus_a7p6QA3OsVtjoKJZ,BRL,40,2020-02-28,Failed,2019-09-19,0011Y00002uF9Hl,0031Y00005qmidh,0061Y00000peCf6,a0D1Y0000128LBz
117,Direct Dialogue - 2019 - Street - São Paulo - September,card_NwQ3yODhri55d0rV,cus_mO4GrymTvYsqrL7A,BRL,40,2020-02-28,Failed,2019-09-19,0011Y00002uFAW8,0031Y00005qmk2f,0061Y00000peDg4,a0D1Y0000128LlJ
118,Direct Dialogue - 2019 - Street - Rio - July,card_5Yq24ZQKfvUJWMAZ,cus_DayQLPCEytKeQKJN,BRL,40,2020-02-28,Failed,2019-10-05,0011Y00002qswQ1,0031Y00005lti5t,0061Y00000pf8eP,a0D1Y000010AplB
119,Direct Dialogue - 2019 - Street - São Paulo - September,card_go3qEydfM1FNxya9,cus_jwNxYDdBhVsvYzWq,BRL,40,2020-02-28,Failed,2019-09-20,0011Y00002uFHdy,0031Y00005qmsPL,0061Y00000peGog,a0D1Y0000128On8
120,Direct Dialogue - 2019 - Street - São Paulo - July,card_ANQzZqDQs2SVMGwB,cus_jP1nY8uD7HLKeEQW,BRL,40,2020-02-28,Failed,2019-09-19,0011Y00002quLN7,0031Y00005ncprA,0061Y00000peELE,a0D1Y000010BY4f
121,Direct Dialogue - 2019 - Street - São Paulo - July,card_l2QDzQ3TENCLY1KN,cus_rEwo4lJUWgt33oXG,BRL,40,2020-02-28,Failed,2019-09-19,0011Y00002quLNA,0031Y00005ncprD,0061Y00000peELG,a0D1Y000010BY4i
122,Direct Dialogue - 2019 - Street - Rio - September,card_ZyJXp6vTdGCNpo2K,cus_3Gq0XDmUdOtz2kKL,BRL,40,2020-02-28,Failed,2019-09-19,0011Y00002uFAW9,0031Y00005qmk2g,0061Y00000peDg7,a0D1Y0000128LlK
123,Direct Dialogue - 2019 - Travel Team SP - June,card_1mvQyX9UdNCdnr94,cus_6nqo2kXfAuOr71yN,BRL,40,2020-02-28,Failed,2019-09-19,0011Y00002pgBW2,0031Y00005lTI2F,0061Y00000peEZa,a0D1Y000010Pji1
124,Direct Dialogue - 2019 - Street - São Paulo - February,card_4zkoNbcpvSOpomB1,cus_dJKqkX1F0c8j7vBX,BRL,40,2020-02-28,Failed,2019-09-19,0011Y00002irASE,0031Y00005dwnJd,0061Y00000peEXs,a0D1Y00000yLDUv
125,Direct Dialogue - 2019 - Street - Rio - September,card_d6aRkNuqQCgdwBLq,cus_DLnW5reI9uXlo0AR,BRL,40,2020-02-28,Failed,2019-09-19,0011Y00002uFAWL,0031Y00005qmk2s,0061Y00000peDhB,a0D1Y0000128Llb
126,Direct Dialogue - 2019 - Travel Team SP - August,card_kEQpwnJKtoFmwYnO,cus_DlW0VOtdBH2OApL4,BRL,40,2020-02-28,Failed,2019-09-19,0011Y00002sZWP6,0031Y00005oyEfQ,0061Y00000peE5R,a0D1Y0000126fFf
127,Direct Dialogue - 2019 - Street - Rio - September,card_qy5lqQjIdnT0lQpG,cus_JywWlaYi8mIYjK4X,BRL,40,2020-02-28,Failed,2019-09-20,0011Y00002uFHe0,0031Y00005qmsPN,0061Y00000peGos,a0D1Y0000128OnC
128,Telephone - 2019 - Filiados - Florestas - Uranet - Setembro,card_ZbKv9xwIGzC9kN0G,cus_5dO3XmniOfoQePR4,BRL,60,2020-02-28,Failed,2019-09-19,0011Y00002uF9Io,0031Y00005qmieo,0061Y00000peCj0,a0D1Y0000128LCk
129,Direct Dialogue - 2019 - Street - Rio - August,card_Mwl1O5ptkcl7ybp3,cus_yLMJpVYH6cBR9W2w,BRL,40,2020-02-28,Failed,2019-09-19,0011Y00002sZY2J,0031Y00005oyGSJ,0061Y00000peETL,a0D1Y0000126hOk
130,Direct Dialogue - 2019 - Travel Team SP - August,card_b9PDbZNtphGPDn23,cus_gQ2LMY1UdMf4kLdk,BRL,40,2020-02-28,Failed,2019-09-19,0011Y00002sZY2q,0031Y00005oyGSR,0061Y00000peETQ,a0D1Y0000126hPS
131,Telephone - 2019 - Filiados - Oceanos - Flex - Junho,card_eBGN8dOFRCdPJqmX,cus_3yzO8E4f0bcAjMQ1,BRL,30,2020-02-28,Failed,2019-09-19,0011Y00002pg8po,0031Y00005lTDwz,0061Y00000peEN2,a0D1Y000010Ph5T
132,Direct Dialogue - 2017 - Travel Team SP - November,card_Lkv4M8gI3Efvy5dB,cus_R275XaIlpSmmKZOL,BRL,40,2020-02-28,Failed,2019-09-19,0011Y00002Ktfvc,0031Y00004uCGnD,0061Y00000peENs,a0D1Y00000wtDHV
133,Telephone - 2019 - Orgânicos - Oceanos - Flex - Agosto,card_6d3MdjVTkgfRnebg,cus_DxWE4kyiWXIjZn1X,BRL,20,2020-02-28,Failed,2019-09-19,0011Y00002sZY4G,0031Y00005oyGUP,0061Y00000peETV,a0D1Y0000126hQ9
134,Direct Dialogue - 2019 - Street - Rio - September,card_1VdrjgkKCvcDjpkg,cus_Rn1Kq5bIv6f0Klqv,BRL,40,2020-02-28,Failed,2019-10-09,0011Y00002sbGeO,0031Y00005p0X8e,0061Y00000pfPFt,a0D1Y0000127oyw
135,Direct Dialogue - 2019 - Street - São Paulo - October,card_Wl8BPRpsLulvxa1R,cus_G32KAVjt1uJA0kQD,BRL,40,2020-02-28,Failed,2019-10-09,0011Y00002uHHE9,0031Y00005qos8V,0061Y00000pfMbN,a0D1Y0000129MUP
136,Telephone - 2019 - Orgânicos - Abelhas - Flex - Julho,card_oEazeypSdTnPK8Q6,cus_xAlrQxWFM0Fdn5yp,BRL,25,2020-02-28,Failed,2019-10-09,0011Y00002qt4a2,0031Y00005lttlC,0061Y00000pfPTx,a0D1Y000010AyAg
137,Direct Dialogue - 2018 - Street - São Paulo - October,card_xn1Dd6I3BcAP2w0d,cus_PYnR4bnheFW64y9a,BRL,40,2020-02-28,Failed,2019-10-09,0011Y00002cNNIV,0031Y00005R0fXj,0061Y00000pfPYf,a0D1Y00000xk7M7
138,Direct Dialogue - 2019 - Street - São Paulo - September,card_B4x749DSV8tW6KyP,cus_A3oKdy6cnHknOPR8,BRL,40,2020-02-28,Failed,2019-10-09,0011Y00002sbFrZ,0031Y00005p0WHI,0061Y00000pfPeC,a0D1Y0000127oa8
139,Supporter Care - 2017 - Recapture Recall - AGOSTO,card_8pLXbDYCPFvVrD3E,cus_zdX1wMzcvKf5D2EM,BRL,39,2020-02-28,Failed,2019-10-09,001i000001q85Vd,003i000003hiGIv,0061Y00000pfPSb,a0D1Y00000wuiiy
140,Telephone - 2019 - Orgânicos - Oceanos - Uranet - Outubro,card_yJvAenKYizIvPYLa,cus_Nw7naPLtJXT1og6V,BRL,60,2020-02-28,Failed,2019-10-09,0011Y00002uHIYD,0031Y00005qothi,0061Y00000pfNmt,a0D1Y0000129N7l
141,Telephone - 2019 - Orgânicos - Oceanos - Uranet - Outubro,card_EdbWzDJuqSdlr8AR,cus_57Lr34BFe5SPRQlN,BRL,60,2020-02-28,Failed,2019-10-09,0011Y00002uHJrN,0031Y00005qovAx,0061Y00000pfOqE,a0D1Y0000129NiI
142,Direct Dialogue - 2019 - Travel Team SP - October,card_GQDL0gYtXxi4xlYW,cus_1kYeO9JH0GH68Ll7,BRL,40,2020-02-28,Failed,2019-10-09,0011Y00002uHJv6,0031Y00005qovCZ,0061Y00000pfOso,a0D1Y0000129Nir
143,Direct Dialogue - 2019 - Street - São Paulo - September,card_5DBVddoHvEsrgVL2,cus_jd3KM5Wh6CjXK4By,BRL,40,2020-02-28,Failed,2019-10-09,0011Y00002sbFtQ,0031Y00005p0WJV,0061Y00000pfPFQ,a0D1Y0000127obY
144,Direct Dialogue - 2019 - Street - São Paulo - September,card_XgO40xv6UJHBnZVW,cus_1n6voYO7i3hawWbK,BRL,40,2020-02-28,Failed,2019-10-09,0011Y00002sbGeV,0031Y00005p0X8l,0061Y00000pfPFw,a0D1Y0000127ozD
145,Direct Dialogue - 2019 - Street - São Paulo - October,card_72p48X2lsQIOV0ZN,cus_jVm9vvGuZS3j9KGz,BRL,40,2020-02-28,Failed,2019-10-09,0011Y00002uHHEC,0031Y00005qos8Y,0061Y00000pfMbW,a0D1Y0000129MUS
146,Web - Cyber - Reefs,card_8rqBD4Nh1MC7keQp,cus_LgEPJ6pnI0tgoGxA,BRL,7,2020-02-28,Failed,2019-10-09,0011Y00002Surtr,0031Y000056vELc,0061Y00000pfPVn,a0D1Y00000xQaQM
147,Direct Dialogue - 2019 - Street - Rio - January,card_Ayb4w0BT70fJz2Y3,cus_AME52g5bT0F510bR,BRL,40,2020-02-28,Failed,2019-10-09,0011Y00002inTKe,0031Y00005a5dqT,0061Y00000pfPY2,a0D1Y00000yIoPG
148,Direct Dialogue - 2019 - Travel Team SP - January,card_L5PeEqInPCNqej19,cus_rZNkE3Oh03FgE9Ke,BRL,40,2020-02-28,Failed,2019-10-09,0011Y00002inTKh,0031Y00005a5dqW,0061Y00000pfPY3,a0D1Y00000yIoPJ
149,Direct Dialogue - 2019 - Street - Rio - January,card_o2OpPwf0rFKxj3ED,cus_54bg6zRfdTP6L3ar,BRL,40,2020-02-28,Failed,2019-10-09,0011Y00002inTKq,0031Y00005a5dqf,0061Y00000pfPY7,a0D1Y00000yIoPS
150,Direct Dialogue - 2019 - Street - Rio - May,card_mYx4KDDS3f7KkMDo,cus_QlrA7KpCLcNyBd0D,BRL,40,2020-02-28,Failed,2019-10-09,0011Y00002pdJbZ,0031Y00005jZulS,0061Y00000pfPIY,a0D1Y00000zVDPs
151,Web - Membership - Trackmob,card_Er51MGKuxvtkMxW2,cus_QrPmDzXFvIj1O0pl,BRL,25,2020-02-28,Failed,2019-10-09,0011Y00002cQIB0,0031Y00005R3Ygc,0061Y00000pfPa3,a0D1Y00000xuLwv
152,Direct Dialogue - 2018 - Street - São Paulo - April,card_z2yV5batNBUjx3ZA,cus_pdbD6G8IOHlmPxBk,BRL,42,2020-02-28,Failed,2019-10-09,0011Y00002U7ZAA,0031Y00005B9q5h,0061Y00000pfPa6,a0D1Y00000xRymf
153,Direct Dialogue - 2019 - Travel Team SP - September,card_3rGz91QUWFJ9yV4a,cus_yNAq1bjHD6S61d8z,BRL,40,2020-02-28,Failed,2019-10-09,0011Y00002sbCay,0031Y00005p0SKu,0061Y00000pfPcg,a0D1Y0000127nA2
154,Direct Dialogue - 2019 - Street - Rio - October,card_91egm1HL9hmDg7zO,cus_39wJB8PfbbhLBLnZ,BRL,40,2020-02-28,Failed,2019-10-09,0011Y00002uHIX7,0031Y00005qotgp,0061Y00000pfNlA,a0D1Y0000129N75
155,Direct Dialogue - 2018 - Travel Team SP - May,card_lQR8wXxHwhvAbLew,cus_lJykKbdLHeUpm60o,BRL,47,2020-02-28,Failed,2019-10-09,0011Y00002WAngV,0031Y00005BDeMa,0061Y00000pfPIw,a0D1Y00000xU9jI
156,Direct Dialogue - 2019 - Street - Rio - August,card_AQbm8BMZUAcQP3Dk,cus_Kmgv83ATeBhYjrzw,BRL,40,2020-02-28,Failed,2019-10-09,0011Y00002saOE0,0031Y00005ozNbD,0061Y00000pfPHE,a0D1Y0000127JSQ
157,Web - Membership - Trackmob,card_7OedKbliWh1mqpN8,cus_72864WvIrs80Eamd,BRL,35,2020-02-28,Failed,2019-10-10,0011Y00002uHKjy,0031Y00005qowF4,0061Y00000pfPjk,a0D1Y0000129O0O
158,Direct Dialogue - 2018 - Travel Team SP - October,card_arRmL5ycLI95715L,cus_qjVbnmgFd5CWNk1O,BRL,15,2020-02-28,Failed,2019-10-08,0011Y00002cN7pk,0031Y00005R0REE,0061Y00000pfLYe,a0D1Y00000xjvJW
159,Telephone - 2019 - Orgânicos - Florestas - Flex - Agosto,card_vQDN18WCjhZk98K0,cus_8Qd6VZ6sAfpmVxLv,BRL,60,2020-02-28,Failed,2019-10-09,0011Y00002saJD9,0031Y00005ozGoe,0061Y00000pfPe2,a0D1Y0000127nD0
160,Supporter Care - 2018 - Recapture Soft - Fevereiro 1,card_qrWQad5CZZSKzN42,cus_L3VlGnrqTEcrGYgP,BRL,23,2020-02-28,Failed,2019-10-09,001i000000JFdf7,003i000000EOQ9f,0061Y00000pfPGH,a0D1Y00000wBdoj
161,Direct Dialogue - 2018 - Street - Rio - May,card_aARqZ6pcm3HnqYX4,cus_WMb4nOYuQXcboaeA,BRL,15,2020-02-28,Failed,2019-10-09,0011Y00002WAcpy,0031Y00005BDWZ5,0061Y00000pfPfG,a0D1Y00000xU61Q
162,Direct Dialogue - 2019 - Street - Rio - October,card_Xd56kEQizju4oj9x,cus_163pORSMotwy0DBb,BRL,40,2020-02-28,Failed,2019-10-28,0011Y00002v0eNK,0031Y00005skICk,0061Y00000ps4Md,a0D1Y000012stDM
163,Direct Dialogue - 2019 - Travel Team SP - August,card_Oz4kYMYf0DiADkXZ,cus_AXeJGd1cb5hQN3QO,BRL,50,2020-02-28,Failed,2019-10-09,0011Y00002sYjVz,0031Y00005ox8Bw,0061Y00000pfPKt,a0D1Y00001263M1
164,Telephone - 2019 - Orgânicos - Abelhas - Flex - Julho,card_J1MLqwBIlt8lRbDZ,cus_mezx6oCophqBdXOQ,BRL,25,2020-02-28,Failed,2019-10-09,0011Y00002qt62m,0031Y00005naxWM,0061Y00000pfPgw,a0D1Y000010Ayn6
165,Direct Dialogue - 2019 - Travel Team SP - October,card_nm7vMLGfVAsX0qxo,cus_MyKndACV8im6lv8V,BRL,40,2020-02-28,Failed,2019-10-09,0011Y00002uHJuT,0031Y00005qovBm,0061Y00000pfOrd,a0D1Y0000129NiY
166,Telephone - 2019 - Orgânicos - Oceanos - Uranet - Outubro,card_WZ2MLVN1u6fdLBEv,cus_85P0d7kTKfGdNkal,BRL,60,2020-02-28,Failed,2019-10-09,0011Y00002uHIW1,0031Y00005qotfC,0061Y00000pfNiE,a0D1Y0000129N6e
167,Direct Dialogue - 2019 - Travel Team SP - October,card_7m6GkgphD2ukG5a1,cus_oqJ0oGcmAFk90Y6v,BRL,40,2020-02-28,Failed,2019-10-09,0011Y00002uHIVu,0031Y00005qotf6,0061Y00000pfNgp,a0D1Y0000129N6U
168,Direct Dialogue - 2019 - Street - Rio - September,card_gbxAvW6SW3TM2Oqj,cus_QOPnXVa4SDSwEGlK,BRL,40,2020-02-28,Failed,2019-10-09,0011Y00002sbEGl,0031Y00005p0UEr,0061Y00000pfPF8,a0D1Y0000127nvq
169,Direct Dialogue - 2019 - Travel Team SP - September,card_AZdOBQbURTOa42gD,cus_4N8rlPKf1bI4jr2Y,BRL,40,2020-02-28,Failed,2019-10-09,0011Y00002sbFs5,0031Y00005p0WI3,0061Y00000pfPFd,a0D1Y0000127oak
170,Telephone - 2018 - Ficha - Corais - Flex,card_xYL52w5UdCAL6vpn,cus_xPLR1jmULvs7rG86,BRL,27,2020-02-28,Failed,2019-10-08,0011Y00002Rgiks,0031Y00004vtkb6,0061Y00000pfLYN,a0D1Y00000wBAgc
171,Telephone - 2019 - Filiados - Oceanos - Flex - Maio,card_XrDVv5AIPfovMaqj,cus_bAzp6orcpTQZMVOJ,BRL,40,2020-02-28,Failed,2019-10-09,0011Y00002pdD03,0031Y00005jZm62,0061Y00000pfPOY,a0D1Y00000zV2bB
172,Direct Dialogue - 2019 - Street - Rio - October,card_xeraV7DtEiN9gdDy,cus_ZJQqQngTdPUZP69a,BRL,40,2020-02-28,Failed,2019-10-09,0011Y00002uHIYE,0031Y00005qothj,0061Y00000pfNmh,a0D1Y0000129N7h
173,Direct Dialogue - 2019 - Street - Rio - July,card_OyMDBpJs0OH6klZd,cus_jwgY8ni9XSPbkX9z,BRL,40,2020-02-28,Failed,2019-10-09,0011Y00002qtE7k,0031Y00005nbnUz,0061Y00000pfPdh,a0D1Y000010B3RJ
174,Direct Dialogue - 2019 - Travel Team SP - October,card_Z3a5KV3iYXiBjAvK,cus_r4JXn67iqSRkPajv,BRL,40,2020-02-28,Failed,2019-10-10,0011Y00002uHPFi,0031Y00005qp0hT,0061Y00000pfRfN,a0D1Y0000129QSl
175,Telephone - 2019 - Filiados - Florestas - Flex - Maio,card_6JbvnJ9FQkh0rvmD,cus_LgmAYYBtou0VA5Na,BRL,25,2020-02-28,Failed,2019-10-09,0011Y00002pdBY3,0031Y00005jZkSo,0061Y00000pfPHi,a0D1Y00000zV1xp
176,Reactivation - 2019 - Soft - Maio,card_gE7dPBNc6iElLW0R,cus_XmMYG34svTe0QrzA,BRL,40,2020-02-28,Failed,2019-09-18,001i000002C75oX,003i000004Wx4HM,0061Y00000peA2z,a0D1Y00000zVcJU
177,Direct Dialogue - 2019 - Street - São Paulo - June,card_RZJjgdPt4DF5g6nv,cus_XKD3LAPFvxC10ZBd,BRL,40,2020-02-28,Failed,2019-09-18,0011Y00002pewrj,0031Y00005lRZvG,0061Y00000peA9u,a0D1Y000010Oxnw
178,Telephone - 2019 - Orgânicos - Florestas - Action - Agosto,card_RmjVXWZC3mt7N7x5,cus_oOGJjW8SmtnREB8r,BRL,30,2020-02-28,Failed,2019-09-18,0011Y00002uEpeR,0031Y00005qmOk9,0061Y00000peAJm,a0D1Y0000128DEE
179,Web - Always On - Sites - Florestas,card_kQmAY7KQs6uJYKp7,cus_gexyp5Kf8XcN5l4E,BRL,35,2020-02-28,Failed,2019-09-18,0011Y00002cPDQL,0031Y00005R2eXP,0061Y00000peATX,a0D1Y00000zUNbG
180,Direct Dialogue - 2019 - Street - Rio - September,card_j01AlnghyYIEKnQP,cus_xmyD5ghJ0irYGpkj,BRL,40,2020-02-28,Failed,2019-09-18,0011Y00002uF1z1,0031Y00005qmb4E,0061Y00000peAGu,a0D1Y0000128Iaf
181,Email - Always On - Fundraising - Reefs,card_L37wyAgfrTE3qV4P,cus_a6Pqr1DtVt02zxAj,BRL,50,2020-02-28,Failed,2019-09-17,0011Y00002pg40c,0031Y00005lT7RB,0061Y00000pe6Bp,a0D1Y000010Pduk
182,Direct Dialogue - 2019 - Travel Team SP - September,card_y413kgaiV9SEWQOp,cus_NBgXrbbu4dSYOXvG,BRL,40,2020-02-28,Failed,2019-09-18,0011Y00002uF1NE,0031Y00005qmaK0,0061Y00000pe9bC,a0D1Y0000128IIp
183,Telephone - 2019 - Orgânicos - Vale - Action - Julho,card_V6EB7WASMiMGl8JA,cus_E65qrGbCkio3ajKl,BRL,40,2020-02-28,Failed,2019-09-18,0011Y00002qtoh1,0031Y00005ncc9c,0061Y00000peAAG,a0D1Y000010BRxY
184,Direct Dialogue - 2018 - Travel Team SP - October,card_VMAJ4V8TPNTGr8Ql,cus_1Pl6ELVHXDheW0Ex,BRL,60,2020-02-28,Failed,2019-09-18,0011Y00002cOGnU,0031Y00005R1g3h,0061Y00000peA65,a0D1Y00000xkga6
185,Direct Dialogue - 2019 - Travel Team SP - January,card_LR3KZmXoh3IP72XY,cus_WwY4Zb9tRs9K4Zrk,BRL,40,2020-02-28,Failed,2019-09-18,0011Y00002ioMTc,0031Y00005a6XWG,0061Y00000peAT0,a0D1Y00000yJLxK
186,Direct Dialogue - 2019 - Street - São Paulo - February,card_Z3bLdW7C3KtGXM6A,cus_ZEVX1aUE6iNGXNPL,BRL,40,2020-02-28,Failed,2019-09-18,0011Y00002ir1pn,0031Y00005dwfjO,0061Y00000peAKu,a0D1Y00000yL97Y
187,Direct Dialogue - 2019 - Street - São Paulo - September,card_bvwAGjesVghqLayK,cus_0GkdZ5YtGDf5ZOY7,BRL,40,2020-02-28,Failed,2019-09-18,0011Y00002uF1MD,0031Y00005qmaJ5,0061Y00000pe9XW,a0D1Y0000128II9
188,Direct Dialogue - 2019 - Street - Rio - September,card_aR9BPa0sB6Sq1X38,cus_oGkp79zckTkxjM1W,BRL,40,2020-02-28,Failed,2019-09-18,0011Y00002uF1N1,0031Y00005qmaJx,0061Y00000pe9a5,a0D1Y0000128IIc
189,Direct Dialogue - 2018 - Street - São Paulo - October,card_v6x5WL0hQTLWeBjl,cus_Ql4L5ARfxZf90LOK,BRL,40,2020-02-28,Failed,2019-09-18,0011Y00002cOIZl,0031Y00005R1i2R,0061Y00000peA3z,a0D1Y00000xkhOj
190,Direct Dialogue - 2019 - Travel Team SP - March,card_gmzYKlasBeiEznxv,cus_kXjBgyaCmh2g9mAZ,BRL,40,2020-02-28,Failed,2019-09-18,0011Y00002lKYet,0031Y00005fKOpn,0061Y00000peAXi,a0D1Y00000zFo8d
191,Direct Dialogue - 2019 - Travel Team SP - April,card_27yj8nBhDSReNXvV,cus_3lmE7yRi9lfaBK8J,BRL,40,2020-02-28,Failed,2019-09-18,0011Y00002nEmyT,0031Y00005hpfN7,0061Y00000peA9G,a0D1Y00000zTzzm
192,Direct Dialogue - 2019 - Street - São Paulo - September,card_YqEOXk0F9URv8mZ2,cus_RwLaq0VHrwfJvOEM,BRL,40,2020-02-28,Failed,2019-09-18,0011Y00002uF1Me,0031Y00005qmaJV,0061Y00000pe9Z1,a0D1Y0000128IIU
193,Direct Dialogue - 2018 - Street - São Paulo - November,card_jk38WGrCjhNd8mdn,cus_BYmGK0OSmnhYkEev,BRL,40,2020-02-28,Failed,2019-10-05,0011Y00002eGwJd,0031Y00005Vbpwu,0061Y00000pf9AO,a0D1Y00000xv5tX
194,Direct Dialogue - 2019 - Street - Rio - June,card_N8qYzppHPUE3zQ71,cus_voxbWm99couOW1EY,BRL,40,2020-02-28,Failed,2019-09-18,0011Y00002pg3F6,0031Y00005lT6ZK,0061Y00000peA2m,a0D1Y000010PdZs
195,Direct Dialogue - 2019 - Street - São Paulo - July,card_prdAKDcgbCDo5nX2,cus_np6goPKI9vT31R52,BRL,40,2020-02-28,Failed,2019-09-17,0011Y00002quDPg,0031Y00005ncdTy,0061Y00000pe6AM,a0D1Y000010BSWS
196,Direct Dialogue - 2019 - Street - São Paulo - September,card_7mvOkE21fQHQg3X5,cus_QZj8vR9SbhOG8EmR,BRL,40,2020-02-28,Failed,2019-09-18,0011Y00002uF0pJ,0031Y00005qmZeo,0061Y00000pe96p,a0D1Y0000128I3x
197,Direct Dialogue - 2019 - Street - São Paulo - April,card_wkPZpwXHYCr0NYDE,cus_B9m8P7Ig6HJkNJ60,BRL,40,2020-02-28,Failed,2019-09-18,0011Y00002nEmzc,0031Y00005hpfOQ,0061Y00000peA9P,a0D1Y00000zU00W
198,Direct Dialogue - 2019 - Street - Rio - June,card_Ppk29BZBhYHJ9ozN,cus_BLmReB9u2SVqpw7b,BRL,40,2020-02-28,Failed,2019-09-18,0011Y00002pg7R4,0031Y00005lTCOw,0061Y00000peAOA,a0D1Y000010PgV8
199,Direct Dialogue - 2019 - Travel Team SP - September,card_G15r8Yz0i5iG9xN6,cus_DzEPKmJnsqS5lxZy,BRL,40,2020-02-28,Failed,2019-09-18,0011Y00002uF1Nk,0031Y00005qmaKl,0061Y00000pe9dQ,a0D1Y0000128IJF
200,Direct Dialogue - 2017 - Street - São Paulo - August,card_BA3x0NGHYvUWjyVo,cus_DjnNPxesYvUzbQeJ,BRL,42,2020-02-28,Failed,2019-09-17,0011Y00002J9WfI,0031Y00004pApqM,0061Y00000pe68e,a0D1Y00000wfw3r
201,Prompted - 2019 - Recapture Soft - Fevereiro,card_46GNWmluNh91emJj,cus_aBl2xB6FZXtAxYZ8,BRL,15,2020-02-28,Failed,2019-10-05,0011Y00002YAzwF,0031Y00005GWcMg,0061Y00000pf930,a0D1Y00000xZNoq
202,Telephone - 2019 - Cyber - Florestas - Flex - Abril,card_0pa280ghjxHXP2gv,cus_LqjBpKlI6AF9nOba,BRL,25,2020-02-28,Failed,2019-09-18,0011Y00002nEhhF,0031Y00005hpYSz,0061Y00000peA8w,a0D1Y00000zTwky
203,Direct Dialogue - 2019 - Street - Rio - September,card_nRZ8Dq4uqFdz4jvY,cus_RLV2xOksQZT6xye8,BRL,40,2020-02-28,Failed,2019-09-18,0011Y00002uF1yl,0031Y00005qmb3y,0061Y00000peAFx,a0D1Y0000128IaV
204,Telephone - 2016 - Cyber - Tapajós - Pré Lançamento - TSA,card_DBW95DzFwIegpK80,cus_rkB6YnnSAfRJVMn9,BRL,111,2020-02-28,Failed,2019-09-18,001i000001taDgH,003i000003szDuR,0061Y00000peA5L,a0Di000000qPNzz
205,Direct Dialogue - 2019 - Street - São Paulo - March,card_WwRkpQofRHkWrGKn,cus_W8NawY0cRTvxr94G,BRL,40,2020-02-28,Failed,2019-09-18,0011Y00002lKSHC,0031Y00005fKHHm,0061Y00000peA5a,a0D1Y00000zFkIf
206,Telephone - 2019 - Filiados - Florestas - Uranet - Setembro,card_r3qwO3vhRsnzwBPX,cus_4VEZGGEckiM2ZKbg,BRL,60,2020-02-28,Failed,2019-09-18,0011Y00002uF008,0031Y00005qmYgB,0061Y00000pe8Nc,a0D1Y0000128HeH
207,Direct Dialogue - 2019 - Street - São Paulo - April,card_Oaql2KptZdTKx4YV,cus_YLgRO5rrCRhPmavK,BRL,45,2020-02-28,Failed,2019-09-17,0011Y00002nEgMi,0031Y00005hpWvW,0061Y00000pe68p,a0D1Y00000zTwBZ
208,Telephone - 2019 - Filiados - Oceanos - Flex - Maio,card_31PqObquXHAoVQeM,cus_3KdNyyF2xTa9NnlY,BRL,25,2020-02-28,Failed,2019-09-18,0011Y00002pg3zv,0031Y00005lT7Qo,0061Y00000peAR0,a0D1Y000010Pdug
209,Direct Dialogue - 2019 - Travel Team SP - April,card_boBx7y1tDfD87qy1,cus_xQz1orntmVFJMb2G,BRL,40,2020-02-28,Failed,2019-09-17,0011Y00002nEiod,0031Y00005hpZsL,0061Y00000pe691,a0D1Y00000zTxJD
210,Direct Dialogue - 2019 - Street - Rio - September,card_mZKx8zSqVi0NybaG,cus_Bk89MNLceOcEKaVw,BRL,40,2020-02-28,Failed,2019-09-18,0011Y00002uF1NY,0031Y00005qmaKU,0061Y00000pe9cU,a0D1Y0000128IJ8
211,Reactivation - 2019 - Hard - Maio,card_JkvYEAapCOtXEVrZ,cus_Wbqgly2F5Tnd5rNn,BRL,50,2020-02-28,Failed,2019-09-17,001i000000JFhvZ,003i000000EOUS8,0061Y00000pe668,a0D1Y00000zVa1V
212,Telephone - 2018 - Cyber - Corais - Flex,card_RVmq5DxhRTJP5Era,cus_b7E1ELJhEHn4RrYW,BRL,22,2020-02-28,Failed,2019-09-18,0011Y00002ZXTSN,0031Y00005JqKAv,0061Y00000peALT,a0D1Y00000xbTSs
213,Direct Dialogue - 2019 - Street - Rio - June,card_X9rm7jAS1uGye8vx,cus_9gnL7VwCGSrpbW4R,BRL,40,2020-02-28,Failed,2019-09-18,0011Y00002pg66J,0031Y00005lTAt6,0061Y00000peARi,a0D1Y000010PfwQ
214,Direct Dialogue - 2019 - Street - São Paulo - September,card_LgVWQ6uKrIpOdkaB,cus_130PYX1Sw4IlLN67,BRL,40,2020-02-28,Failed,2019-09-18,0011Y00002uF1NT,0031Y00005qmaHp,0061Y00000pe9cF,a0D1Y0000128IJ3
215,Direct Dialogue - 2019 - Street - Rio - June,card_EpkLdZJTjczdl7m5,cus_gmB8LkUkbsq7Zjw4,BRL,40,2020-02-28,Failed,2019-09-18,0011Y00002pg9Qp,0031Y00005lTEd7,0061Y00000peADM,a0D1Y000010PhNU
216,Direct Dialogue - 2019 - Travel Team SP - September,card_LP4BbpfYLix1e67r,cus_38zjkYhOdU52nlaV,BRL,40,2020-02-28,Failed,2019-09-18,0011Y00002uF1yr,0031Y00005qmb44,0061Y00000peAGC,a0D1Y0000128Iaa
217,Direct Dialogue - 2017 - Street - São Paulo - December,card_JqYkV5LI5HDD3W06,cus_dPk0O6nsPINxWove,BRL,52,2020-02-28,Failed,2019-09-18,0011Y00002O0FIp,0031Y00004zacz8,0061Y00000peAVR,a0D1Y00000wvBXb
218,Telephone - 2019 - Cyber - Florestas - Flex - Abril,card_LkzP4nGtMlCQ08w6,cus_DlVyO6VCVU7O0Rdw,BRL,25,2020-02-28,Failed,2019-09-17,0011Y00002nEZyf,0031Y00005hpGdL,0061Y00000pe66R,a0D1Y00000zTskz
219,Web - Membership - Trackmob,card_RykaLOpGHpiMZe64,cus_JMLv3No8TzfnmGkB,BRL,35,2020-02-28,Failed,2019-09-18,0011Y00002sZQmM,0031Y00005oy4zD,0061Y00000peA8h,a0D1Y0000126Z2y
220,Telephone - 2018 - Cyber - Antártida - Flex,card_yoA6LKbhgAUWnzWe,cus_XvZqNY1cVsLNaLnK,BRL,72,2020-02-28,Failed,2020-01-09,0011Y00002bnYVR,0031Y00005OKXym,0061Y00000qTn5I,a0D1Y00000xie1w
221,Telephone - 2016 - Cyber - Santuário de Baleias - Flex,card_Dv18XzXUZQiXB9E3,cus_9WjBRwEIrtBXKZLV,BRL,30,2020-02-28,Failed,2020-01-07,0011Y00002cQSkn,0031Y00005VasLH,0061Y00000qTaRt,a0D1Y00000xuTcM
222,Telephone - 2016 - Reativação Anual - 30 meses,card_nLMAyEPs8pCBEAgw,cus_5R76o3ecA4hN61aN,BRL,45,2020-02-28,Failed,2020-01-08,001i000000JFSow,003i000000EOFBD,0061Y00000qTi3D,a0Di000000s6DeW
223,Direct Dialogue - 2018 - Street - São Paulo - January,card_9Mqw72F29tk0rEeP,cus_Nb0kqoFYYTEO9VKx,BRL,42,2020-02-28,Failed,2020-01-09,0011Y00002RgfSH,0031Y00004vti25,0061Y00000qTn71,a0D1Y00000wB9tE
224,Direct Dialogue - 2019 - Street - São Paulo - February,card_m94KOkLbIkSp87RB,cus_l0x95JNFOcjPrZqg,BRL,40,2020-02-28,Failed,2020-01-09,0011Y00002iqmGa,0031Y00005dwRCv,0061Y00000qTn7F,a0D1Y00000yKxX9
225,Direct Dialogue - 2019 - Street - São Paulo - February,card_1MnOeeqSdHarOJqp,cus_NGoWX90cWDSVj48z,BRL,40,2020-02-28,Failed,2020-01-08,0011Y00002iqBQK,0031Y00005dvbSy,0061Y00000qTi2Y,a0D1Y00000yKXWo
226,Telephone - 2019 - Filiados - Abelhas - Flex - Junho,card_G6VDp3bBtRIy0WJK,cus_ZmRK8W4FgyfNoa68,BRL,30,2020-02-28,Failed,2019-09-25,0011Y00002pgxJN,0031Y00005lU8yj,0061Y00000peZWe,a0D1Y000010Px8e
227,Telephone - 2019 - Orgânicos - Oceanos - Action - Junho,card_7jAZREWcBXhmr5wX,cus_p1AYWq2H3Lc95k2B,BRL,30,2020-02-28,Failed,2019-09-25,0011Y00002pgxKL,0031Y00005lU8zi,0061Y00000peZWk,a0D1Y000010Px90
228,Direct Dialogue - 2018 - Venues & InCompany - March,card_Gak3pB39hEUbnZgB,cus_GdWvdRzC7YIKDXk3,BRL,52,2020-02-28,Failed,2020-01-20,0011Y00002Swq9b,0031Y000056wcMD,0061Y00000r2QW5,a0D1Y00000xRMh1
229,Direct Dialogue - 2019 - Travel Team RJ - July,card_Ykd2GN8SLtKKXDRm,cus_3q2Aw54FQ9CZ6yd6,BRL,40,2020-02-28,Failed,2020-01-20,0011Y00002sXUS0,0031Y00005ndUrq,0061Y00000r2RQZ,a0D1Y000010BotS
230,Direct Dialogue - 2018 - Venues & InCompany - March,card_zQLMvj2UDs5lMG5J,cus_yDXmkkrSO7T2mJqn,BRL,52,2020-02-28,Failed,2020-01-20,0011Y00002Swspj,0031Y000056we2Z,0061Y00000r2PZ9,a0D1Y00000xRQD4
231,Direct Dialogue - 2019 - Street - São Paulo - July,card_YG1x0yXAF3TVb48W,cus_ZXGVjlkwHYCgxkP3,BRL,40,2020-02-28,Failed,2020-01-19,0011Y00002qtXeS,0031Y00005ncFKl,0061Y00000qUYoI,a0D1Y000010BGKf
232,Web - Always On - Sites - Florestas,card_M7ovjwEt1c29a0Vd,cus_GlgvzVkhKAi1M5d8,BRL,50,2020-02-28,Failed,2020-01-20,0011Y00002sZxWp,0031Y00005oyn9c,0061Y00000r2OVb,a0D1Y0000126xw5
233,Direct Dialogue - 2019 - Street - Rio - June,card_6eEx6mYtJVF7nyvB,cus_jZNWdw6fEGS963zv,BRL,40,2020-02-28,Failed,2020-01-20,0011Y00002ph7Ne,0031Y00005lUHjx,0061Y00000qUmpV,a0D1Y000010Q0uB
234,Direct Dialogue - 2019 - Travel Team SP - June,card_dJD9Mp1imH68yxOm,cus_g4QzWWI2qU80z2y6,BRL,40,2020-02-28,Failed,2020-01-20,0011Y00002ph7Nl,0031Y00005lUHkO,0061Y00000qUmpb,a0D1Y000010Q0uI
235,Telephone - 2019 - Filiados - Oceanos - Flex - Maio,card_NrvpKxvt1f62ozO4,cus_dzBqZZlCkTVbq45p,BRL,30,2020-02-28,Failed,2020-01-20,0011Y00002pe5Rh,0031Y00005jb5dH,0061Y00000qUmW5,a0D1Y00000zVmw5
236,Direct Dialogue - 2019 - Street - São Paulo - August,card_3RWg6xNtkZU7kmx4,cus_wmqrqQc5nClPrR8A,BRL,40,2020-02-28,Failed,2020-01-20,0011Y00002sZvuu,0031Y00005oylOQ,0061Y00000r2OV1,a0D1Y0000126xA0
237,Direct Dialogue - 2019 - Street - Rio - June,card_Jzv5X2kFkUGGx1Po,cus_zNKRXMHPetyOJnxb,BRL,40,2020-02-28,Failed,2020-01-20,0011Y00002phB0T,0031Y00005lULtq,0061Y00000r2O6t,a0D1Y000010Q2kz
238,Direct Dialogue - 2019 - Travel Team SP - June,card_X5v35eu6XUNN32EV,cus_KBPmOztV4FX1N2q9,BRL,40,2020-02-28,Failed,2020-01-20,0011Y00002ph0Ro,0031Y00005lUCPM,0061Y00000qUmSz,a0D1Y000010PyUA
239,Direct Dialogue - 2019 - Travel Team SP - June,card_xQag5yT3Mh3XgB8Y,cus_de0gzBRTDIRezrKl,BRL,40,2020-02-28,Failed,2020-01-20,0011Y00002phB18,0031Y00005lULuT,0061Y00000r2O75,a0D1Y000010Q2lj
240,Direct Dialogue - 2016 - Travel Team - May,card_1ja4mVmcZyIVnlxX,cus_koA3pwJtlt0bYlq6,BRL,41,2020-02-28,Failed,2020-01-20,001i000001rmaKQ,003i000003of5kA,0061Y00000qUmvS,a0Di000000qOFPK
241,Direct Dialogue - 2019 - Travel Team SP - August,card_Mn6o6zfjeuV3o4vl,cus_RNr0J3dfLqT4Ogmw,BRL,40,2020-02-28,Failed,2020-01-20,0011Y00002sZx4G,0031Y00005oymck,0061Y00000r2OJh,a0D1Y0000126xhW
242,Direct Dialogue - 2019 - Travel Team SP - August,card_JXmw5nPUpYsX4Pjo,cus_2qnrAkBhQxT9JKkp,BRL,40,2020-02-28,Failed,2020-01-20,0011Y00002sZx4j,0031Y00005oymda,0061Y00000r2OKN,a0D1Y0000126xiM
243,Web - Always On - Sites - P4,card_ypr0445IRvHjO0ze,cus_0MgYJXNuo4t8v2OE,BRL,15,2020-02-28,Failed,2019-09-25,0011Y00002ZYIez,0031Y00005Jqxx8,0061Y00000peZbq,a0D1Y00000xbsZ6
244,Direct Dialogue - 2018 - Street - São Paulo - June,card_adR4A3OFRUaqgmGE,cus_XKrmPnGtYHv2wo4N,BRL,15,2020-02-28,Failed,2019-09-25,0011Y00002YDDz4,0031Y00005GYAM2,0061Y00000peZYd,a0D1Y00000xaG0S
245,Direct Dialogue - 2019 - Street - Rio - June,card_Wq5z310cb4U8jX0a,cus_mXNywEGhA0co6JY1,BRL,40,2020-02-28,Failed,2019-09-25,0011Y00002phA9C,0031Y00005lUKvJ,0061Y00000peZVy,a0D1Y000010Q2KW
246,Direct Dialogue - 2019 - Street - Rio - June,card_pZQEnoAcLSrBaWro,cus_zkAjpwSkDHY49nMO,BRL,40,2020-02-28,Failed,2019-10-11,0011Y00002pfYC8,0031Y00005lSKAO,0061Y00000pfacN,a0D1Y000010PMGx
247,Email - Always On - Ciberativismo - Florestas,card_jPVzM0xSELtyMryq,cus_0Ol2L50TRkizna6X,BRL,15,2020-02-28,Failed,2019-09-25,0011Y00002cOlnZ,0031Y00005R2Coy,0061Y00000peZI3,a0D1Y00000xtQXc
248,Direct Dialogue - 2019 - Street - Rio - September,card_59YvLKt25URpPoar,cus_A9nja5rCPlFX7jR4,BRL,40,2020-02-28,Failed,2019-09-25,0011Y00002uFoLu,0031Y00005qnNNU,0061Y00000peZMd,a0D1Y0000128eel
249,Direct Dialogue - 2019 - Street - Rio - March,card_pvw3Nq7CqCAnOBRm,cus_JVqKmaVbsOUPRwp3,BRL,40,2020-02-28,Failed,2019-09-25,0011Y00002nGM4n,0031Y00005gqSWX,0061Y00000peZSL,a0D1Y00000zGcnz
250,Direct Dialogue - 2019 - Street - São Paulo - September,card_X9xA46YSMJSLjPw4,cus_Bl2LQni3zS57aRGo,BRL,40,2020-02-28,Failed,2019-09-25,0011Y00002uFlQP,0031Y00005qnK9p,0061Y00000peXTf,a0D1Y0000128dTS
251,Direct Dialogue - 2019 - Travel Team RJ - September,card_WRVrOwhE3f3Yr1oy,cus_40WKq9XF6GcVyKbv,BRL,40,2020-02-28,Failed,2019-09-25,0011Y00002uFoLx,0031Y00005qnNNX,0061Y00000peZMm,a0D1Y0000128eeo
252,Direct Dialogue - 2018 - Street - São Paulo - October,card_MP3pWb3SL4IEOrkL,cus_N92VpgDuzTMrDP4e,BRL,40,2020-02-28,Failed,2019-09-25,0011Y00002cOsT9,0031Y00005R2Jk0,0061Y00000peZIY,a0D1Y00000xtV3W
253,Direct Dialogue - 2018 - Travel Team SP - April,card_ovrO31yHYAsm17KE,cus_AMj73lJrIMtBvdKy,BRL,52,2020-02-28,Failed,2019-10-11,0011Y00002U8guJ,0031Y00005BAccp,0061Y00000pfafV,a0D1Y00000xSLop
254,Direct Dialogue - 2018 - Street - São Paulo - September,card_AQDB21qhzH9r2kam,cus_JPp0eD2i7Ai0Q4G5,BRL,42,2020-02-28,Failed,2019-09-25,0011Y00002bnqKb,0031Y00005OKrn2,0061Y00000peZJl,a0D1Y00000xinNK
255,Direct Dialogue - 2019 - Street - São Paulo - May,card_a83AEN6TlDi9pjzd,cus_o2dxDYmHOzCNDJkP,BRL,45,2020-02-28,Failed,2019-09-25,0011Y00002peNeD,0031Y00005lQmep,0061Y00000peZOq,a0D1Y00000zVyP6
256,Direct Dialogue - 2019 - Street - São Paulo - April,card_NrzqX6EhDHQmxkGv,cus_or3AvRAmcbse9xye,BRL,40,2020-02-28,Failed,2019-09-25,0011Y00002nFKyV,0031Y00005jYNi4,0061Y00000peZHK,a0D1Y00000zUOUc
257,Direct Dialogue - 2019 - Street - Rio - September,card_Ed7oDOvuEF8P0Ogl,cus_lxwDLxDSwcXOLgP2,BRL,40,2020-02-28,Failed,2019-10-11,0011Y00002sbV6p,0031Y00005p0jtt,0061Y00000pfagu,a0D1Y0000127vXi
258,Direct Dialogue - 2019 - Travel Team SP - July,card_1BE7zMRupUbEQNp5,cus_5kvYx06ipMF7dYLb,BRL,40,2020-02-28,Failed,2019-10-11,0011Y00002qtKXD,0031Y00005nbwxL,0061Y00000pfagH,a0D1Y000010B6vP
259,Direct Dialogue - 2019 - Street - Rio - September,card_M0zm4kVFGxHzv3Rw,cus_jG67EV5cMvF3yRB9,BRL,40,2020-02-28,Failed,2019-10-11,0011Y00002sbWMo,0031Y00005p0lHu,0061Y00000pfanH,a0D1Y0000127wEC
260,Direct Dialogue - 2019 - Street - Rio - September,card_g5W26LZFLkSOBxR3,cus_pP0B9V7xSrceYAE7,BRL,40,2020-02-28,Failed,2019-10-11,0011Y00002sbWMu,0031Y00005p0lIA,0061Y00000pfanL,a0D1Y0000127wEJ
261,Direct Dialogue - 2019 - Street - São Paulo - September,card_rJPXeAtJbIDDXO2L,cus_YaQZ2j5sYI5ld0NB,BRL,40,2020-02-28,Failed,2019-09-25,0011Y00002uFmwN,0031Y00005qnLt6,0061Y00000peYgg,a0D1Y0000128eHH
262,Direct Dialogue - 2019 - Travel Team SP - September,card_je1ZE7PhejhokXmp,cus_Xp8EMN4IzzIdJqok,BRL,40,2020-02-28,Failed,2019-09-25,0011Y00002uFlPL,0031Y00005qnK8q,0061Y00000peXRL,a0D1Y0000128dSn
263,Direct Dialogue - 2019 - Street - Rio - September,card_YVnkm2viETKmRJQX,cus_YrZL5J6SZfD5VJmg,BRL,40,2020-02-28,Failed,2019-09-25,0011Y00002uFlPN,0031Y00005qnK8s,0061Y00000peXRR,a0D1Y0000128dSp
264,Direct Dialogue - 2019 - Travel Team SP - September,card_79dpLZvu60s7olKm,cus_LGaRjqPUYqSBwe3y,BRL,40,2020-02-28,Failed,2019-10-11,0011Y00002sbTgX,0031Y00005p0iIg,0061Y00000pfage,a0D1Y0000127uoI
265,Direct Dialogue - 2019 - Street - São Paulo - September,card_qv4owK0IxTQ6MXpe,cus_A9kgB40HXWSEYlZL,BRL,40,2020-02-28,Failed,2019-10-11,0011Y00002sbV5P,0031Y00005p0js7,0061Y00000pfahK,a0D1Y0000127vWx
266,Direct Dialogue - 2019 - Travel Team SP - March,card_xQP8mdQcoBHqnmEb,cus_Xoa3V5D0t8SgxM7n,BRL,40,2020-02-28,Failed,2019-10-11,0011Y00002lKiqT,0031Y00005fKamU,0061Y00000pfan6,a0D1Y00000zFvf2
267,Direct Dialogue - 2018 - Street - Rio - March,card_k4epmV9s7in3Y8X2,cus_G94Vn6AIMMU7ve7M,BRL,15,2020-02-28,Failed,2019-09-25,0011Y00002Svjdm,0031Y000056vnPx,0061Y00000peZTc,a0D1Y00000xQvXQ
268,Web - Always On - Advertising - Facebook,card_yw0KAvZs21IBMJm5,cus_p4oe5Wzc6Tpd0Ebx,BRL,15,2020-02-28,Failed,2019-09-25,0011Y00002cOk5b,0031Y00005R2AmQ,0061Y00000peZHm,a0D1Y00000xl1N1
269,Direct Dialogue - 2019 - Travel Team SP - September,card_PeD1VA2F7OcZymbg,cus_bndg2r8TZSQ57xqm,BRL,50,2020-02-28,Failed,2019-10-11,0011Y00002sbV5R,0031Y00005p0js9,0061Y00000pfahL,a0D1Y0000127vWz
270,Direct Dialogue - 2019 - Street - Rio - September,card_O5VK2QJfJT9gjwRA,cus_2pkxdO8tDmS3EoVZ,BRL,40,2020-02-28,Failed,2019-10-11,0011Y00002sbV5T,0031Y00005p0jsB,0061Y00000pfahN,a0D1Y0000127vX1
271,Direct Dialogue - 2019 - Street - São Paulo - September,card_yvR76oqhVuqJYJ3Z,cus_DQBr6ZwUJUYPrmky,BRL,40,2020-02-28,Failed,2019-10-11,0011Y00002sbV5f,0031Y00005p0jsD,0061Y00000pfahO,a0D1Y0000127vX3
272,Direct Dialogue - 2017 - Travel Team SP - March 1,card_Pn4jYpOSZvFDMg1k,cus_6EPKEpetVoIroGOv,BRL,42,2020-02-28,Failed,2019-09-25,001i0000028xmPP,003i000004RfxyY,0061Y00000peZG7,a0Di000000vPb5h
273,Direct Dialogue - 2019 - Travel Team SP - May,card_89EqZKoSmUZD6JMX,cus_OoaRxAmfQhgxDgjL,BRL,40,2020-02-28,Failed,2019-09-25,0011Y00002peNcd,0031Y00005lQmda,0061Y00000peZOY,a0D1Y00000zVyO4
274,Telephone - 2019 - Filiados - Oceanos - Flex - Maio,card_8xBp8o1sGHnlQPJq,cus_w419ov0u1u7OBgQ2,BRL,30,2020-02-28,Failed,2019-09-25,0011Y00002peNcn,0031Y00005lQmdi,0061Y00000peZOa,a0D1Y00000zVyOP
275,Telephone - 2019 - Filiados - Florestas - Uranet - Setembro,card_gRnbwdfJ8FyaOpGJ,cus_vqJ5jk3URvcybzoX,BRL,60,2020-02-28,Failed,2019-09-25,0011Y00002uFmv4,0031Y00005qnLrz,0061Y00000peYdN,a0D1Y0000128eGb
276,Direct Dialogue - 2018 - Street - São Paulo - September,card_1k4Vg3PI2cBYOZvx,cus_Ja3l05uV1fpEDLyO,BRL,40,2020-02-28,Failed,2019-09-25,0011Y00002boea3,0031Y00005QzVzl,0061Y00000peZ8W,a0D1Y00000xjLM4
277,Telephone - 2018 - Cyber - Corais - Flex,card_8l9x5eGiyVTrxYVN,cus_Arg8QJJf6f9Q4OJ9,BRL,30,2020-02-28,Failed,2019-09-25,0011Y00002WAngr,0031Y00005BDeMw,0061Y00000peZUb,a0D1Y00000xU9jg
278,Direct Dialogue - 2019 - Travel Team SP - June,card_Ka9lmZjTEIe0JLyb,cus_R2Ny3YZSmDHz2l87,BRL,45,2020-02-28,Failed,2019-09-25,0011Y00002ph8gB,0031Y00005lUJG6,0061Y00000peZUn,a0D1Y000010Q1YI
279,Direct Dialogue - 2019 - Travel Team RJ - May,card_Lae6v77ILOfbyxWb,cus_2rKxgGU96u5NxZaX,BRL,40,2020-02-28,Failed,2019-09-22,0011Y00002pe5QA,0031Y00005jb5bj,0061Y00000peMUj,a0D1Y00000zVmvO
280,Direct Dialogue - 2019 - Travel Team SP - April,card_4Vm2vG6qFzc0AnLP,cus_OEmBPvlsotlLye67,BRL,40,2020-02-28,Failed,2019-09-22,0011Y00002nF7Mu,0031Y00005hqB9r,0061Y00000peMW2,a0D1Y00000zUE0d
281,Direct Dialogue - 2019 - Street - Rio - August,card_Dn2qwwtREF6kq7N5,cus_k170LDRTOsM2VdWP,BRL,40,2020-02-28,Failed,2019-09-22,0011Y00002sZqxt,0031Y00005oyeXv,0061Y00000peMC5,a0D1Y0000126tCd
282,Direct Dialogue - 2019 - Street - São Paulo - October,card_zx48OzT7bi2ByQXb,cus_13ZYmqgCxIw4YeyO,BRL,40,2020-02-28,Failed,2019-10-01,0011Y00002uGUq5,0031Y00005qo4lY,0061Y00000petix,a0D1Y0000128yHV
283,Direct Dialogue - 2019 - Venues & InCompany - October MarketPlace,card_GOyP5bkugTl2kpog,cus_7rqM822fAwSVzgo5,BRL,50,2020-02-28,Failed,2019-10-01,0011Y00002uGUpl,0031Y00005qo4lF,0061Y00000peti1,a0D1Y0000128yHI
284,Direct Dialogue - 2017 - Street - São Paulo - December,card_LvA4Zd4IyCxZBl73,cus_OKn5wnQfZHXYz1A3,BRL,42,2020-02-28,Failed,2019-10-11,0011Y00002NzYds,0031Y00004uEcF9,0061Y00000pfaXp,a0D1Y00000wuqgR
285,Direct Dialogue - 2019 - Street - Rio - May,card_B4M7RBOYS4i809DQ,cus_vAZ7BzNSm0Fkr795,BRL,40,2020-02-28,Failed,2019-09-22,0011Y00002pe94j,0031Y00005jbA4Z,0061Y00000peMQF,a0D1Y00000zVoZR
286,Direct Dialogue - 2019 - Street - São Paulo - October,card_gm96y25t8HA7AoEQ,cus_n4P3JPahYAig1O1E,BRL,40,2020-02-28,Failed,2019-10-01,0011Y00002uGUqA,0031Y00005qo4ld,0061Y00000petjC,a0D1Y0000128yHa
287,Telephone - 2018 - Cyber - Antártida - Sercom,card_1GXZgQkMTDhBb95Q,cus_pqWGqaF9bFN1G4Qb,BRL,22,2020-02-28,Failed,2019-09-22,0011Y00002ZWuHP,0031Y00005JpnsG,0061Y00000peMQC,a0D1Y00000xb9yd
288,Direct Dialogue - 2019 - Street - São Paulo - September,card_P7zp2VsXrIe7pYLO,cus_w6j1AP5cmwUE2LRr,BRL,40,2020-02-28,Failed,2019-09-24,0011Y00002uFX7L,0031Y00005qn7Tn,0061Y00000peROO,a0D1Y0000128YSi
289,Direct Dialogue - 2018 - Travel Team BH - February,card_069qx3Vc1VS4gKmr,cus_D0eAvrKuZh6BALom,BRL,42,2020-02-28,Failed,2019-09-23,0011Y00002Rhkqo,0031Y00004vuYcY,0061Y00000peQcp,a0D1Y00000wBaEM
290,Direct Dialogue - 2019 - Street - São Paulo - July,card_j4QeYO3c9dHn2Xzk,cus_P5k93EHVgUK5Mz8A,BRL,50,2020-02-28,Failed,2019-09-22,0011Y00002quWPS,0031Y00005nd6Rs,0061Y00000peMT7,a0D1Y000010BfqI
291,Telephone - 2019 - Orgânicos - Florestas - Flex - Maio,card_z2xrA1WsdpC4r9ag,cus_qKa4eKbHOKHaDLEr,BRL,30,2020-02-28,Failed,2019-09-22,0011Y00002peCUp,0031Y00005jbFPw,0061Y00000peMQi,a0D1Y00000zVr9L
292,Direct Dialogue - 2019 - Travel Team SP - September,card_7RJxWkYqfmcRZybB,cus_xJ8mbLvCRjIzP6XO,BRL,40,2020-02-28,Failed,2019-09-27,0011Y00002uFvNQ,0031Y00005qnSsM,0061Y00000peeBH,a0D1Y0000128k89
293,Telephone - 2018 - Cyber - Corais - Flex,card_welbjzNf5s9aj916,cus_Mgaye2ahPMTKwjLO,BRL,32,2020-02-28,Failed,2019-10-11,0011Y00002Sv41N,0031Y000056vM2y,0061Y00000pfadV,a0D1Y00000xQfaz
294,Direct Dialogue - 2019 - Travel Team SP - May,card_YKvJ7oXudMC7JgWq,cus_7JRx0WGIwiN0p8Dz,BRL,40,2020-02-28,Failed,2019-09-22,0011Y00002peCUd,0031Y00005jbFPL,0061Y00000peMQd,a0D1Y00000zVr99
295,Direct Dialogue - 2019 - Street - São Paulo - September,card_lGx4Y2MfZmCW6voP,cus_or79B25i64hDn9lY,BRL,40,2020-02-28,Failed,2019-09-23,0011Y00002uFVff,0031Y00005qn5ii,0061Y00000peQ2O,a0D1Y0000128W9E
296,Direct Dialogue - 2019 - Street - Rio - March,card_eGLz8Aeiohm8YbEW,cus_PAazBJWFpU11zQry,BRL,40,2020-02-28,Failed,2019-09-22,0011Y00002lMey4,0031Y00005gqDcO,0061Y00000peMY4,a0D1Y00000zGV1C
297,Direct Dialogue - 2019 - Street - São Paulo - April,card_x6KWR19h0dFgRyl7,cus_3G712YwC0Gf8OdwD,BRL,40,2020-02-28,Failed,2019-09-23,0011Y00002nF50j,0031Y00005hq7j2,0061Y00000peQqB,a0D1Y00000zUD4B
298,Direct Dialogue - 2019 - Travel Team SP - September,card_NQJ7GkNDf5sBEVb3,cus_zA1gR9xUxGhnEVW9,BRL,50,2020-02-28,Failed,2019-09-23,0011Y00002uFWhc,0031Y00005qn6f2,0061Y00000peQi2,a0D1Y0000128Wrq
299,Email - Always On - SJ - Antartida,card_Zqle5EoTkuZmx8rk,cus_Amv3RBRuN8tvG3J2,BRL,5,2020-02-28,Failed,2019-09-22,0011Y00002cNetT,0031Y00005R0xV1,0061Y00000peMC1,a0D1Y00000xkHQl
300,Direct Dialogue - 2019 - Travel Team SP - August,card_0JAk8B4TAEF4aD1Y,cus_anj6KzDSgYCvJyK0,BRL,40,2020-02-28,Failed,2019-09-23,0011Y00002sZvv1,0031Y00005oylOX,0061Y00000peQcX,a0D1Y0000126xA8
301,Web - Always On - Sites - Florestas,card_Y1oy9JxceUa4LvE8,cus_D0kp4GOf3io4zWa5,BRL,50,2020-02-28,Failed,2019-09-23,0011Y00002sZvvG,0031Y00005oylOb,0061Y00000peQca,a0D1Y0000126xAR
302,Telephone - 2018 - Cyber - Baleias - Flex - Setembro,card_JWQ9KejS8INNXeq8,cus_mk9DaVmxCbs3r6YX,BRL,20,2020-02-28,Failed,2019-09-23,0011Y00002cOTur,0031Y00005R1tQa,0061Y00000peQY4,a0D1Y00000xkrmF
303,Web - Always On - Special Appeal Regular Giving Camiseta,card_B7wmzWOclFdz6p2G,cus_MeRO7vjF9fRJX7vW,BRL,35,2020-02-28,Failed,2019-09-23,001i000001tcarF,003i000003vpcmb,0061Y00000peQb7,a0D1Y0000126wp0
304,Web - Always On - Social Media - Instagram - Florestas,card_8wv7Nx5tzSrLz2Z1,cus_R20O6rKHvbHpOlea,BRL,35,2020-02-28,Failed,2019-09-23,0011Y00002sZx4B,0031Y00005oymcV,0061Y00000peQb8,a0D1Y0000126xhR
305,Direct Dialogue - 2019 - Travel Team SP - August,card_kOEBD0QT15I9BaA7,cus_zn1exdEIm2u2jev7,BRL,40,2020-02-28,Failed,2019-09-23,0011Y00002sZx4C,0031Y00005oymcW,0061Y00000peQb9,a0D1Y0000126xhS
306,Web - Always On - Special Appeal Regular Giving Camiseta,card_Z0WmbQYcMcV8bx4Q,cus_onBQ8r2hoxU7wD5q,BRL,35,2020-02-28,Failed,2019-09-23,0011Y00002sZx5R,0031Y00005oyme7,0061Y00000peQbJ,a0D1Y0000126xiq
307,Direct Dialogue - 2019 - Street - Rio - August,card_8OVjeXTXptKdzXGW,cus_OqVnd78T4QhlVLrd,BRL,40,2020-02-28,Failed,2019-09-23,0011Y00002sZvtp,0031Y00005oylNH,0061Y00000peQbs,a0D1Y0000126x90
308,Direct Dialogue - 2018 - Travel Team SP - January,card_KjaJeKxudtD8dzrb,cus_Lr1kazcEKcNdZPy4,BRL,47,2020-02-28,Failed,2019-09-22,0011Y00002RfiP9,0031Y00004vsupT,0061Y00000peMFW,a0D1Y00000wAlfo
309,Direct Dialogue - 2019 - Street - Rio - August,card_jdvDJ2u77hAKD5oJ,cus_Vjqr0qPIQyu4E9ly,BRL,40,2020-02-28,Failed,2019-09-23,0011Y00002sZx54,0031Y00005oymdg,0061Y00000peQbb,a0D1Y0000126xiS
310,Direct Dialogue - 2019 - Travel Team SP - April,card_XxLoRAqBcJHORW1Z,cus_0ZA6z0otyKfek75e,BRL,40,2020-02-28,Failed,2019-09-22,0011Y00002nF6Pq,0031Y00005hq9xh,0061Y00000peMUP,a0D1Y00000zUDg4
311,Direct Dialogue - 2019 - Street - São Paulo - August,card_YJwVvmBszfrEAl2x,cus_E6MLNWjtjjTzo3RX,BRL,40,2020-02-28,Failed,2019-09-23,0011Y00002sZx4Y,0031Y00005oymd5,0061Y00000peQbU,a0D1Y0000126xhv
312,Direct Dialogue - 2019 - Street - São Paulo - July,card_y9prvzmhMSeL6EPM,cus_qyXn2JIO4IWenomE,BRL,50,2020-02-28,Failed,2019-09-23,0011Y00002quUy2,0031Y00005nd4ly,0061Y00000peQp8,a0D1Y000010Bf9Z
